Sign ID,Year,Median,25%,75%,StDev
4051,,,,,
 ,2018,0.765,0.778,0.808,0.027
 ,2016,0.784,0.808,0.822,0.036
 ,2015,0.773,0.784,0.82,0.041
18499,,,,,
 ,2018,0.749,0.776,0.788,0.031
 ,2017,0.729,0.765,0.776,0.038
 ,2016,0.753,0.78,0.8,0.027
 ,2015,0.761,0.79,0.81,0.027
4053,,,,,
 ,2018,0.765,0.773,0.792,0.027
 ,2016,0.773,0.788,0.8,0.017
 ,2015,0.769,0.776,0.796,0.03
14452,,,,,
 ,2018,0.776,0.8,0.82,0.036
 ,2017,0.757,0.786,0.808,0.047
 ,2016,0.745,0.769,0.796,0.034
 ,2015,0.749,0.78,0.804,0.034
14453,,,,,
 ,2018,0.804,0.816,0.827,0.027
 ,2017,0.788,0.804,0.812,0.023
 ,2016,0.788,0.796,0.808,0.033
 ,2015,0.788,0.796,0.812,0.025
18495,,,,,
 ,2018,0.769,0.78,0.784,0.02
 ,2017,0.8,0.804,0.808,0.003
 ,2016,0.78,0.788,0.792,0.014
4058,,,,,
 ,2018,0.733,0.753,0.8,0.044
 ,2017,0.78,0.847,0.871,0.073
 ,2016,0.788,0.8,0.808,0.026
 ,2015,0.796,0.808,0.816,0.025
18491,,,,,
 ,2018,0.765,0.773,0.78,0.017
 ,2017,0.784,0.788,0.792,0.013
 ,2016,0.769,0.776,0.788,0.024
 ,2015,0.773,0.78,0.788,0.014
18492,,,,,
 ,2018,0.726,0.759,0.767,0.04
 ,2017,0.757,0.78,0.792,0.043
 ,2016,0.773,0.776,0.78,0.042
 ,2015,0.718,0.776,0.784,0.053
4048,,,,,
 ,2018,0.804,0.827,0.839,0.033
 ,2016,0.792,0.829,0.847,0.063
 ,2015,0.784,0.833,0.851,0.05
14457,,,,,
 ,2018,0.776,0.804,0.824,0.042
 ,2017,0.776,0.804,0.82,0.042
 ,2016,0.78,0.816,0.831,0.06
 ,2015,0.773,0.824,0.839,0.059
18936,,,,,
 ,2018,0.8,0.804,0.812,0.013
 ,2017,0.808,0.816,0.824,0.021
 ,2016,0.714,0.73,0.745,0.016
 ,2015,0.757,0.761,0.776,0.019
14454,,,,,
 ,2018,0.776,0.804,0.824,0.042
 ,2017,0.776,0.804,0.82,0.042
 ,2016,0.78,0.816,0.831,0.06
 ,2015,0.773,0.824,0.839,0.059
18937,,,,,
 ,2018,0.71,0.729,0.757,0.029
 ,2017,0.718,0.733,0.753,0.032
 ,2016,0.733,0.745,0.757,0.027
 ,2015,0.78,0.808,0.827,0.036
3996,,,,,
 ,2018,0.776,0.78,0.792,0.027
 ,2017,0.8,0.804,0.812,0.022
 ,2016,0.788,0.792,0.804,0.026
 ,2015,0.782,0.788,0.8,0.021
3998,,,,,
 ,2018,0.78,0.808,0.824,0.048
 ,2017,0.808,0.824,0.843,0.027
 ,2016,0.816,0.827,0.835,0.031
 ,2015,0.829,0.839,0.843,0.042
14458,,,,,
 ,2018,0.78,0.796,0.804,0.027
 ,2017,0.773,0.784,0.796,0.025
 ,2016,0.733,0.784,0.816,0.056
 ,2015,0.741,0.753,0.769,0.031
4062,,,,,
 ,2018,0.729,0.769,0.784,0.04
 ,2017,0.788,0.804,0.816,0.022
 ,2016,0.78,0.792,0.804,0.041
 ,2015,0.796,0.804,0.812,0.028
14460,,,,,
 ,2018,0.804,0.812,0.82,0.023
 ,2017,0.788,0.798,0.808,0.017
 ,2016,0.788,0.796,0.808,0.02
 ,2015,0.784,0.794,0.808,0.026
4064,,,,,
 ,2018,0.757,0.796,0.808,0.034
 ,2017,0.796,0.812,0.82,0.036
 ,2016,0.796,0.804,0.812,0.016
 ,2015,0.8,0.816,0.827,0.022
14464,,,,,
 ,2018,0.776,0.808,0.82,0.035
 ,2017,0.788,0.8,0.808,0.029
 ,2016,0.792,0.8,0.808,0.024
 ,2015,0.749,0.753,0.765,0.02
14461,,,,,
 ,2018,0.82,0.847,0.867,0.034
 ,2017,0.784,0.831,0.859,0.049
 ,2016,0.816,0.839,0.851,0.037
 ,2015,0.765,0.831,0.851,0.067
18387,,,,,
 ,2018,0.822,0.831,0.845,0.026
 ,2017,0.839,0.855,0.867,0.05
 ,2015,0.812,0.839,0.855,0.033
14468,,,,,
 ,2018,0.745,0.784,0.796,0.036
 ,2017,0.753,0.788,0.796,0.04
 ,2016,0.753,0.788,0.792,0.041
 ,2015,0.759,0.792,0.806,0.056
14465,,,,,
 ,2018,0.733,0.749,0.757,0.044
 ,2017,0.737,0.755,0.773,0.034
 ,2016,0.737,0.757,0.78,0.029
 ,2015,0.757,0.784,0.796,0.024
4073,,,,,
 ,2018,0.761,0.8,0.808,0.035
 ,2017,0.788,0.824,0.827,0.037
 ,2016,0.792,0.812,0.82,0.035
 ,2015,0.788,0.816,0.82,0.022
18476,,,,,
 ,2016,0.651,0.675,0.682,0.013
18477,,,,,
 ,2018,0.788,0.812,0.82,0.029
 ,2017,0.8,0.824,0.835,0.026
 ,2016,0.796,0.816,0.827,0.031
 ,2015,0.769,0.776,0.788,0.02
18472,,,,,
 ,2018,0.737,0.741,0.753,0.02
 ,2017,0.733,0.753,0.761,0.027
 ,2016,0.749,0.761,0.765,0.029
 ,2015,0.745,0.765,0.769,0.035
18593,,,,,
 ,2018,0.62,0.661,0.704,0.042
 ,2017,0.639,0.69,0.718,0.049
 ,2016,0.627,0.667,0.733,0.052
 ,2015,0.635,0.641,0.714,0.046
18595,,,,,
 ,2017,0.729,0.729,0.729,0
 ,2016,0.724,0.761,0.765,0.051
 ,2015,0.675,0.749,0.769,0.058
18475,,,,,
 ,2018,0.78,0.804,0.816,0.027
 ,2017,0.8,0.827,0.839,0.028
 ,2016,0.792,0.808,0.82,0.027
 ,2015,0.757,0.776,0.788,0.023
18596,,,,,
 ,2017,0.655,0.696,0.722,0.042
 ,2015,0.718,0.725,0.737,0.027
18590,,,,,
 ,2017,0.706,0.706,0.706,0
 ,2015,0.727,0.751,0.774,0.025
18470,,,,,
 ,2018,0.757,0.78,0.786,0.038
 ,2017,0.78,0.792,0.804,0.039
 ,2016,0.794,0.806,0.812,0.038
 ,2015,0.765,0.792,0.812,0.033
18471,,,,,
 ,2015,0.773,0.784,0.792,0.019
4070,,,,,
 ,2018,0.71,0.741,0.757,0.037
 ,2017,0.767,0.78,0.788,0.031
 ,2016,0.776,0.792,0.8,0.035
 ,2015,0.784,0.8,0.804,0.02
13903,,,,,
 ,2018,0.804,0.812,0.82,0.026
 ,2017,0.794,0.808,0.824,0.026
 ,2016,0.784,0.796,0.804,0.017
 ,2015,0.788,0.802,0.812,0.021
13904,,,,,
 ,2018,0.804,0.812,0.82,0.026
 ,2017,0.784,0.796,0.8,0.025
 ,2016,0.8,0.81,0.816,0.027
 ,2015,0.749,0.753,0.765,0.017
18917,,,,,
 ,2018,0.776,0.796,0.804,0.024
 ,2016,0.753,0.806,0.816,0.054
13905,,,,,
 ,2018,0.776,0.784,0.788,0.024
 ,2017,0.765,0.773,0.776,0.016
 ,2016,0.78,0.788,0.792,0.015
 ,2015,0.784,0.792,0.792,0.015
13906,,,,,
 ,2018,0.773,0.78,0.79,0.031
 ,2017,0.753,0.761,0.776,0.028
 ,2016,0.753,0.769,0.784,0.029
 ,2015,0.788,0.822,0.837,0.04
18913,,,,,
 ,2018,0.71,0.737,0.757,0.034
18914,,,,,
 ,2018,0.753,0.796,0.816,0.046
 ,2016,0.639,0.639,0.639,0
18910,,,,,
 ,2018,0.788,0.796,0.8,0.03
 ,2017,0.788,0.796,0.804,0.031
 ,2016,0.804,0.808,0.82,0.017
 ,2015,0.761,0.765,0.773,0.012
18912,,,,,
 ,2018,0.71,0.733,0.753,0.034
4084,,,,,
 ,2017,0.743,0.745,0.751,0.01
 ,2015,0.765,0.769,0.773,0.064
18487,,,,,
 ,2018,0.769,0.78,0.798,0.029
 ,2017,0.804,0.808,0.812,0.019
 ,2016,0.784,0.8,0.808,0.017
 ,2015,0.788,0.798,0.804,0.014
4085,,,,,
 ,2018,0.722,0.729,0.753,0.021
 ,2017,0.663,0.737,0.773,0.053
 ,2016,0.78,0.816,0.82,0.044
 ,2015,0.8,0.827,0.831,0.018
18488,,,,,
 ,2018,0.757,0.765,0.778,0.023
 ,2017,0.765,0.769,0.784,0.019
 ,2016,0.761,0.765,0.78,0.028
 ,2015,0.761,0.769,0.78,0.014
4087,,,,,
 ,2018,0.788,0.8,0.808,0.033
 ,2017,0.804,0.812,0.82,0.02
 ,2016,0.776,0.784,0.788,0.017
 ,2015,0.784,0.792,0.8,0.017
14441,,,,,
 ,2018,0.749,0.812,0.827,0.052
 ,2017,0.745,0.804,0.812,0.047
 ,2016,0.737,0.773,0.808,0.049
 ,2015,0.745,0.769,0.812,0.045
4760,,,,,
 ,2018,0.765,0.808,0.839,0.055
 ,2017,0.792,0.824,0.855,0.06
 ,2016,0.745,0.804,0.824,0.058
 ,2015,0.771,0.825,0.843,0.046
4761,,,,,
 ,2018,0.769,0.808,0.839,0.052
 ,2017,0.733,0.776,0.816,0.072
 ,2016,0.714,0.737,0.804,0.062
 ,2015,0.771,0.825,0.843,0.046
4641,,,,,
 ,2018,0.808,0.824,0.839,0.032
 ,2017,0.804,0.827,0.847,0.029
 ,2016,0.773,0.8,0.82,0.032
 ,2015,0.796,0.82,0.831,0.024
18486,,,,,
 ,2018,0.745,0.774,0.78,0.042
 ,2017,0.769,0.78,0.804,0.03
 ,2016,0.761,0.784,0.8,0.037
 ,2015,0.769,0.808,0.824,0.043
18480,,,,,
 ,2018,0.749,0.804,0.804,0.05
 ,2017,0.69,0.71,0.733,0.037
 ,2016,0.776,0.816,0.82,0.032
 ,2015,0.682,0.714,0.737,0.039
18482,,,,,
 ,2018,0.784,0.792,0.8,0.015
 ,2017,0.729,0.729,0.729,0
 ,2016,0.776,0.784,0.788,0.02
 ,2015,0.741,0.765,0.78,0.029
4080,,,,,
 ,2018,0.784,0.792,0.804,0.015
 ,2017,0.804,0.816,0.827,0.019
 ,2016,0.796,0.808,0.816,0.032
 ,2015,0.788,0.8,0.812,0.019
18928,,,,,
 ,2018,0.827,0.839,0.847,0.032
 ,2017,0.812,0.824,0.835,0.029
 ,2016,0.808,0.82,0.831,0.027
 ,2015,0.773,0.784,0.8,0.029
18929,,,,,
 ,2018,0.782,0.788,0.794,0.022
 ,2017,0.762,0.784,0.788,0.042
 ,2016,0.718,0.765,0.796,0.054
 ,2015,0.767,0.782,0.784,0.021
18925,,,,,
 ,2018,0.804,0.827,0.843,0.033
 ,2017,0.784,0.812,0.831,0.04
 ,2016,0.773,0.816,0.835,0.07
 ,2015,0.753,0.804,0.835,0.056
18926,,,,,
 ,2018,0.827,0.839,0.847,0.033
 ,2017,0.812,0.824,0.835,0.029
 ,2016,0.808,0.82,0.831,0.036
 ,2015,0.773,0.784,0.8,0.029
4635,,,,,
 ,2018,0.753,0.769,0.776,0.036
 ,2017,0.765,0.769,0.778,0.014
 ,2016,0.761,0.769,0.773,0.014
 ,2015,0.757,0.763,0.769,0.012
18920,,,,,
 ,2018,0.782,0.808,0.824,0.041
 ,2017,0.792,0.804,0.816,0.025
 ,2016,0.784,0.792,0.8,0.025
 ,2015,0.788,0.796,0.804,0.025
4758,,,,,
 ,2018,0.765,0.804,0.816,0.047
 ,2017,0.772,0.802,0.812,0.028
 ,2016,0.749,0.761,0.804,0.034
 ,2015,0.761,0.78,0.788,0.038
18922,,,,,
 ,2018,0.8,0.812,0.843,0.037
 ,2017,0.773,0.796,0.835,0.041
 ,2016,0.765,0.784,0.82,0.041
 ,2015,0.78,0.792,0.839,0.046
4759,,,,,
 ,2018,0.729,0.773,0.8,0.048
 ,2016,0.714,0.741,0.776,0.052
14448,,,,,
 ,2018,0.757,0.796,0.839,0.061
 ,2017,0.784,0.816,0.831,0.035
 ,2016,0.776,0.816,0.835,0.043
 ,2015,0.769,0.812,0.839,0.044
18923,,,,,
 ,2018,0.8,0.812,0.843,0.037
 ,2017,0.769,0.792,0.8,0.022
 ,2016,0.765,0.782,0.818,0.041
 ,2015,0.78,0.792,0.833,0.046
18454,,,,,
 ,2018,0.804,0.816,0.827,0.023
 ,2017,0.835,0.847,0.855,0.024
 ,2016,0.792,0.812,0.824,0.027
 ,2015,0.757,0.765,0.78,0.023
18577,,,,,
 ,2018,0.82,0.843,0.851,0.037
 ,2017,0.761,0.804,0.816,0.047
 ,2016,0.776,0.824,0.839,0.056
 ,2015,0.765,0.808,0.82,0.028
4770,,,,,
 ,2018,0.765,0.784,0.792,0.043
 ,2017,0.773,0.792,0.808,0.032
 ,2016,0.788,0.8,0.812,0.027
 ,2015,0.675,0.702,0.71,0.03
4651,,,,,
 ,2018,0.722,0.739,0.745,0.034
 ,2017,0.733,0.749,0.757,0.027
 ,2016,0.725,0.741,0.749,0.033
 ,2015,0.753,0.759,0.773,0.027
18573,,,,,
 ,2018,0.796,0.804,0.812,0.015
 ,2017,0.788,0.792,0.804,0.014
 ,2016,0.804,0.816,0.816,0.022
 ,2015,0.745,0.753,0.765,0.02
4652,,,,,
 ,2017,0.757,0.769,0.776,0.018
 ,2016,0.808,0.82,0.824,0.019
 ,2015,0.686,0.686,0.686,0
4090,,,,,
 ,2018,0.761,0.812,0.824,0.042
 ,2017,0.82,0.835,0.843,0.019
 ,2016,0.776,0.808,0.824,0.04
 ,2015,0.8,0.816,0.827,0.032
4091,,,,,
 ,2018,0.757,0.761,0.765,0.015
 ,2017,0.773,0.776,0.78,0.01
 ,2016,0.747,0.767,0.773,0.038
 ,2015,0.757,0.765,0.773,0.028
4092,,,,,
 ,2018,0.737,0.761,0.784,0.035
 ,2017,0.753,0.829,0.865,0.069
 ,2016,0.749,0.773,0.792,0.031
 ,2015,0.745,0.769,0.792,0.034
2108,,,,,
 ,2018,0.69,0.69,0.757,0.032
 ,2017,0.698,0.698,0.698,0
 ,2016,0.808,0.808,0.808,0
 ,2015,0.737,0.749,0.757,0.026
2106,,,,,
 ,2018,0.804,0.82,0.82,0.015
 ,2017,0.769,0.776,0.784,0.029
 ,2016,0.792,0.796,0.816,0.02
 ,2015,0.757,0.761,0.776,0.018
14419,,,,,
 ,2018,0.718,0.757,0.788,0.05
 ,2017,0.722,0.733,0.745,0.027
 ,2016,0.686,0.737,0.776,0.051
 ,2015,0.745,0.769,0.78,0.032
4763,,,,,
 ,2018,0.8,0.816,0.831,0.032
 ,2017,0.829,0.851,0.855,0.038
 ,2016,0.698,0.763,0.812,0.069
 ,2015,0.663,0.716,0.753,0.056
4643,,,,,
 ,2018,0.794,0.822,0.835,0.046
 ,2017,0.792,0.822,0.843,0.037
 ,2016,0.773,0.8,0.82,0.032
 ,2015,0.776,0.818,0.827,0.041
4403,,,,,
 ,2018,0.725,0.745,0.753,0.037
4645,,,,,
 ,2018,0.778,0.788,0.796,0.018
 ,2017,0.753,0.78,0.788,0.027
 ,2016,0.739,0.761,0.78,0.04
 ,2015,0.757,0.772,0.784,0.052
4404,,,,,
 ,2018,0.725,0.737,0.749,0.044
4406,,,,,
 ,2018,0.702,0.729,0.753,0.043
 ,2017,0.692,0.727,0.749,0.048
 ,2016,0.745,0.763,0.776,0.038
 ,2015,0.718,0.733,0.773,0.05
14415,,,,,
 ,2018,0.792,0.8,0.812,0.022
 ,2017,0.776,0.788,0.8,0.025
 ,2016,0.769,0.784,0.792,0.031
 ,2015,0.745,0.755,0.773,0.024
18586,,,,,
 ,2018,0.757,0.773,0.784,0.032
 ,2017,0.745,0.761,0.773,0.024
 ,2016,0.765,0.792,0.8,0.028
 ,2015,0.741,0.773,0.78,0.022
18466,,,,,
 ,2018,0.757,0.773,0.776,0.023
 ,2017,0.757,0.78,0.8,0.029
 ,2016,0.763,0.796,0.812,0.044
 ,2015,0.78,0.816,0.831,0.042
18587,,,,,
 ,2018,0.765,0.78,0.788,0.031
 ,2017,0.757,0.765,0.776,0.016
 ,2016,0.792,0.796,0.804,0.017
 ,2015,0.773,0.776,0.78,0.015
18467,,,,,
 ,2018,0.737,0.747,0.769,0.024
 ,2017,0.749,0.761,0.78,0.022
 ,2016,0.745,0.761,0.776,0.031
 ,2015,0.753,0.765,0.78,0.027
18588,,,,,
 ,2018,0.718,0.725,0.737,0.02
 ,2017,0.714,0.724,0.733,0.01
 ,2016,0.769,0.792,0.796,0.028
 ,2015,0.682,0.765,0.773,0.053
18582,,,,,
 ,2018,0.757,0.769,0.78,0.026
 ,2017,0.749,0.753,0.761,0.027
 ,2016,0.769,0.78,0.788,0.025
 ,2015,0.745,0.751,0.757,0.01
4782,,,,,
 ,2018,0.788,0.833,0.851,0.043
 ,2017,0.804,0.855,0.871,0.049
 ,2016,0.831,0.841,0.851,0.026
 ,2015,0.827,0.839,0.847,0.026
14420,,,,,
 ,2018,0.796,0.808,0.816,0.029
 ,2017,0.776,0.792,0.804,0.027
 ,2016,0.776,0.792,0.8,0.032
 ,2015,0.722,0.763,0.788,0.065
4662,,,,,
 ,2017,0.737,0.769,0.784,0.028
 ,2015,0.722,0.733,0.761,0.036
4783,,,,,
 ,2015,0.69,0.708,0.733,0.04
18463,,,,,
 ,2018,0.757,0.773,0.78,0.015
 ,2017,0.769,0.8,0.808,0.039
 ,2016,0.776,0.804,0.812,0.032
 ,2015,0.62,0.637,0.774,0.076
18584,,,,,
 ,2018,0.708,0.725,0.745,0.025
 ,2017,0.643,0.694,0.718,0.043
 ,2016,0.725,0.737,0.749,0.04
 ,2015,0.72,0.722,0.729,0.009
4784,,,,,
 ,2015,0.69,0.708,0.733,0.04
18464,,,,,
 ,2018,0.843,0.847,0.855,0.02
 ,2017,0.82,0.825,0.831,0.036
 ,2016,0.835,0.843,0.847,0.015
 ,2015,0.729,0.733,0.733,0.017
18585,,,,,
 ,2018,0.784,0.8,0.812,0.027
 ,2017,0.741,0.753,0.765,0.023
 ,2016,0.761,0.776,0.784,0.021
 ,2015,0.745,0.753,0.761,0.017
2122,,,,,
 ,2018,0.729,0.753,0.765,0.029
 ,2017,0.749,0.776,0.78,0.019
 ,2016,0.773,0.788,0.794,0.024
 ,2015,0.686,0.763,0.773,0.051
2120,,,,,
 ,2018,0.729,0.757,0.765,0.029
 ,2017,0.751,0.776,0.776,0.019
 ,2016,0.78,0.792,0.824,0.032
 ,2015,0.722,0.761,0.765,0.036
18580,,,,,
 ,2018,0.753,0.765,0.78,0.036
 ,2017,0.755,0.765,0.773,0.034
 ,2016,0.78,0.788,0.804,0.026
 ,2015,0.765,0.769,0.776,0.026
18460,,,,,
 ,2018,0.796,0.812,0.82,0.02
 ,2017,0.792,0.824,0.839,0.031
 ,2016,0.761,0.773,0.784,0.03
 ,2015,0.827,0.847,0.863,0.03
18581,,,,,
 ,2018,0.749,0.761,0.773,0.031
 ,2017,0.753,0.765,0.773,0.028
 ,2016,0.78,0.788,0.796,0.016
 ,2015,0.765,0.769,0.773,0.016
18906,,,,,
 ,2018,0.677,0.71,0.731,0.049
 ,2017,0.729,0.761,0.765,0.025
18907,,,,,
 ,2018,0.769,0.788,0.808,0.043
 ,2017,0.745,0.765,0.776,0.034
 ,2016,0.753,0.78,0.792,0.038
 ,2015,0.761,0.776,0.788,0.041
2113,,,,,
 ,2018,0.686,0.737,0.741,0.039
18908,,,,,
 ,2018,0.761,0.776,0.784,0.036
 ,2017,0.749,0.765,0.776,0.031
 ,2016,0.753,0.78,0.792,0.033
 ,2015,0.761,0.776,0.788,0.037
18909,,,,,
 ,2018,0.788,0.796,0.804,0.033
 ,2017,0.784,0.792,0.796,0.021
 ,2016,0.8,0.804,0.816,0.024
 ,2015,0.765,0.773,0.78,0.029
18902,,,,,
 ,2018,0.678,0.722,0.733,0.038
 ,2017,0.714,0.735,0.747,0.031
 ,2016,0.755,0.769,0.776,0.029
 ,2015,0.757,0.769,0.776,0.015
4654,,,,,
 ,2018,0.816,0.827,0.835,0.065
 ,2017,0.765,0.776,0.784,0.023
 ,2016,0.753,0.765,0.773,0.028
 ,2015,0.757,0.765,0.773,0.024
18905,,,,,
 ,2018,0.639,0.647,0.682,0.019
4659,,,,,
 ,2018,0.62,0.643,0.749,0.072
 ,2017,0.702,0.706,0.706,0.005
 ,2016,0.627,0.627,0.627,0
 ,2015,0.618,0.629,0.696,0.058
18900,,,,,
 ,2018,0.816,0.82,0.824,0.019
 ,2017,0.714,0.714,0.714,0
 ,2016,0.776,0.788,0.792,0.01
 ,2015,0.773,0.776,0.788,0.016
18554,,,,,
 ,2018,0.778,0.804,0.812,0.031
18675,,,,,
 ,2018,0.774,0.812,0.822,0.04
 ,2017,0.82,0.827,0.839,0.027
 ,2016,0.788,0.851,0.859,0.051
 ,2015,0.741,0.794,0.835,0.063
18434,,,,,
 ,2018,0.784,0.839,0.847,0.047
 ,2017,0.788,0.827,0.847,0.045
 ,2016,0.808,0.855,0.867,0.044
 ,2015,0.835,0.863,0.875,0.049
18677,,,,,
 ,2018,0.778,0.818,0.841,0.048
 ,2017,0.827,0.847,0.867,0.031
 ,2016,0.824,0.863,0.878,0.044
 ,2015,0.78,0.816,0.825,0.049
4793,,,,,
 ,2018,0.718,0.733,0.749,0.026
 ,2015,0.667,0.667,0.667,0
18550,,,,,
 ,2018,0.804,0.816,0.824,0.03
 ,2017,0.81,0.824,0.831,0.029
 ,2016,0.792,0.804,0.812,0.024
 ,2015,0.792,0.808,0.816,0.026
18430,,,,,
 ,2018,0.761,0.769,0.78,0.025
 ,2017,0.753,0.761,0.776,0.03
 ,2016,0.773,0.782,0.796,0.023
 ,2015,0.788,0.8,0.816,0.025
18672,,,,,
 ,2018,0.8,0.812,0.824,0.033
 ,2017,0.8,0.812,0.824,0.035
 ,2016,0.796,0.812,0.824,0.037
 ,2015,0.769,0.78,0.788,0.029
2010,,,,,
 ,2018,0.792,0.808,0.816,0.022
 ,2017,0.765,0.776,0.792,0.024
 ,2016,0.765,0.78,0.8,0.024
 ,2015,0.761,0.776,0.792,0.029
1953,,,,,
 ,2018,0.722,0.741,0.749,0.027
 ,2017,0.743,0.763,0.776,0.031
 ,2016,0.745,0.767,0.78,0.023
 ,2015,0.714,0.729,0.761,0.036
2008,,,,,
 ,2018,0.749,0.796,0.839,0.06
 ,2017,0.761,0.788,0.808,0.039
 ,2016,0.778,0.812,0.829,0.043
 ,2015,0.804,0.827,0.851,0.048
2005,,,,,
 ,2018,0.78,0.788,0.792,0.027
 ,2017,0.8,0.812,0.816,0.037
 ,2016,0.792,0.796,0.8,0.022
 ,2015,0.792,0.796,0.804,0.024
2123,,,,,
 ,2018,0.718,0.725,0.737,0.02
 ,2017,0.714,0.724,0.733,0.01
 ,2016,0.769,0.792,0.796,0.028
 ,2015,0.682,0.765,0.773,0.053
4785,,,,,
 ,2018,0.788,0.808,0.82,0.034
 ,2017,0.773,0.784,0.8,0.027
 ,2016,0.757,0.769,0.784,0.027
 ,2015,0.761,0.776,0.792,0.024
4787,,,,,
 ,2018,0.78,0.792,0.8,0.015
 ,2017,0.745,0.753,0.761,0.019
 ,2016,0.827,0.839,0.843,0.038
 ,2015,0.765,0.78,0.816,0.039
4789,,,,,
 ,2018,0.624,0.643,0.725,0.048
 ,2017,0.667,0.698,0.722,0.039
 ,2016,0.72,0.737,0.749,0.036
 ,2015,0.749,0.769,0.776,0.039
18559,,,,,
 ,2018,0.769,0.776,0.784,0.024
 ,2017,0.776,0.784,0.796,0.031
 ,2016,0.769,0.776,0.784,0.028
 ,2015,0.765,0.773,0.78,0.025
18685,,,,,
 ,2018,0.78,0.792,0.831,0.036
 ,2017,0.788,0.796,0.843,0.043
 ,2016,0.784,0.796,0.8,0.023
 ,2015,0.737,0.753,0.761,0.036
18566,,,,,
 ,2018,0.694,0.71,0.722,0.027
 ,2017,0.706,0.714,0.725,0.026
 ,2016,0.729,0.741,0.745,0.022
 ,2015,0.673,0.704,0.718,0.029
18446,,,,,
 ,2018,0.757,0.784,0.784,0.019
 ,2017,0.718,0.747,0.769,0.04
 ,2016,0.796,0.796,0.8,0.047
18567,,,,,
 ,2018,0.843,0.851,0.855,0.024
 ,2017,0.839,0.847,0.855,0.019
 ,2016,0.82,0.851,0.859,0.032
 ,2015,0.765,0.824,0.835,0.044
18560,,,,,
 ,2018,0.747,0.759,0.784,0.038
 ,2016,0.749,0.769,0.786,0.048
 ,2015,0.733,0.796,0.808,0.036
18561,,,,,
 ,2018,0.812,0.835,0.855,0.035
 ,2017,0.82,0.851,0.859,0.036
 ,2016,0.831,0.851,0.871,0.039
 ,2015,0.722,0.78,0.808,0.059
18441,,,,,
 ,2018,0.753,0.763,0.773,0.019
 ,2017,0.725,0.765,0.776,0.038
 ,2016,0.767,0.798,0.808,0.033
 ,2015,0.769,0.802,0.816,0.038
4322,,,,,
 ,2018,0.784,0.792,0.8,0.029
 ,2017,0.773,0.78,0.788,0.028
 ,2016,0.784,0.792,0.8,0.032
 ,2015,0.792,0.8,0.808,0.029
18442,,,,,
 ,2018,0.706,0.773,0.784,0.057
 ,2017,0.769,0.78,0.788,0.038
 ,2016,0.784,0.792,0.8,0.018
 ,2015,0.78,0.788,0.8,0.029
18684,,,,,
 ,2018,0.78,0.792,0.831,0.036
 ,2017,0.788,0.796,0.843,0.043
 ,2016,0.784,0.796,0.8,0.023
 ,2015,0.737,0.753,0.761,0.036
2022,,,,,
 ,2018,0.757,0.788,0.796,0.037
 ,2017,0.745,0.776,0.78,0.025
 ,2016,0.763,0.788,0.792,0.036
 ,2015,0.751,0.788,0.792,0.053
2020,,,,,
 ,2018,0.812,0.843,0.859,0.056
 ,2017,0.802,0.827,0.847,0.03
 ,2016,0.788,0.835,0.855,0.036
 ,2015,0.827,0.851,0.859,0.04
18680,,,,,
 ,2018,0.757,0.771,0.784,0.017
 ,2017,0.765,0.784,0.792,0.028
 ,2016,0.773,0.794,0.804,0.026
 ,2015,0.757,0.765,0.769,0.027
1965,,,,,
 ,2018,0.773,0.78,0.804,0.018
 ,2017,0.769,0.776,0.792,0.024
 ,2016,0.761,0.769,0.784,0.021
 ,2015,0.757,0.765,0.776,0.017
2019,,,,,
 ,2018,0.737,0.792,0.8,0.06
 ,2017,0.757,0.776,0.784,0.018
 ,2016,0.784,0.796,0.8,0.03
 ,2015,0.784,0.796,0.8,0.022
2018,,,,,
 ,2016,0.771,0.8,0.812,0.054
14407,,,,,
 ,2018,0.804,0.82,0.827,0.027
 ,2017,0.808,0.816,0.827,0.032
 ,2016,0.792,0.8,0.808,0.024
 ,2015,0.792,0.804,0.812,0.026
14408,,,,,
 ,2018,0.82,0.851,0.871,0.049
 ,2017,0.835,0.855,0.867,0.05
 ,2016,0.812,0.829,0.843,0.03
 ,2015,0.831,0.843,0.859,0.024
2013,,,,,
 ,2018,0.78,0.8,0.812,0.039
 ,2017,0.749,0.769,0.784,0.024
 ,2016,0.765,0.78,0.796,0.025
 ,2015,0.773,0.784,0.796,0.017
14405,,,,,
 ,2018,0.792,0.816,0.824,0.049
 ,2017,0.776,0.788,0.796,0.035
 ,2016,0.78,0.792,0.8,0.027
 ,2015,0.761,0.773,0.788,0.026
4319,,,,,
 ,2018,0.773,0.8,0.808,0.039
 ,2017,0.749,0.788,0.792,0.038
 ,2016,0.773,0.8,0.812,0.03
 ,2015,0.769,0.808,0.82,0.035
14404,,,,,
 ,2018,0.812,0.824,0.839,0.038
 ,2017,0.765,0.812,0.824,0.039
 ,2016,0.78,0.816,0.831,0.046
 ,2015,0.792,0.839,0.851,0.052
18410,,,,,
 ,2016,0.647,0.647,0.647,0
18894,,,,,
 ,2018,0.663,0.675,0.706,0.032
 ,2017,0.714,0.725,0.733,0.028
 ,2016,0.722,0.741,0.741,0.013
 ,2015,0.722,0.733,0.745,0.04
18532,,,,,
 ,2018,0.8,0.827,0.835,0.029
 ,2017,0.757,0.816,0.823,0.041
 ,2016,0.78,0.796,0.812,0.036
 ,2015,0.761,0.796,0.816,0.038
18653,,,,,
 ,2018,0.784,0.796,0.8,0.047
 ,2017,0.776,0.792,0.796,0.038
 ,2016,0.792,0.8,0.804,0.02
 ,2015,0.753,0.757,0.765,0.024
18895,,,,,
 ,2018,0.78,0.784,0.788,0.011
 ,2017,0.769,0.78,0.788,0.02
 ,2016,0.757,0.788,0.792,0.045
 ,2015,0.694,0.71,0.725,0.016
18412,,,,,
 ,2018,0.741,0.749,0.757,0.015
 ,2017,0.753,0.761,0.773,0.014
 ,2016,0.749,0.757,0.765,0.013
 ,2015,0.778,0.788,0.796,0.017
18654,,,,,
 ,2018,0.784,0.796,0.8,0.047
 ,2017,0.776,0.792,0.796,0.038
 ,2016,0.792,0.8,0.804,0.02
 ,2015,0.753,0.757,0.765,0.024
18896,,,,,
 ,2018,0.82,0.835,0.841,0.015
 ,2017,0.827,0.845,0.851,0.03
 ,2016,0.745,0.808,0.829,0.068
 ,2015,0.757,0.808,0.824,0.041
18413,,,,,
 ,2018,0.741,0.757,0.761,0.023
 ,2017,0.733,0.761,0.776,0.031
 ,2016,0.741,0.757,0.769,0.042
 ,2015,0.745,0.769,0.784,0.036
18534,,,,,
 ,2018,0.792,0.824,0.831,0.027
 ,2017,0.729,0.757,0.8,0.048
 ,2016,0.8,0.837,0.851,0.047
 ,2015,0.812,0.847,0.859,0.039
18655,,,,,
 ,2018,0.792,0.812,0.824,0.026
 ,2017,0.761,0.769,0.8,0.032
 ,2016,0.765,0.773,0.796,0.027
 ,2015,0.725,0.743,0.771,0.043
4330,,,,,
 ,2018,0.737,0.747,0.757,0.023
 ,2017,0.784,0.8,0.816,0.031
 ,2016,0.788,0.816,0.827,0.024
 ,2015,0.796,0.825,0.839,0.04
18890,,,,,
 ,2016,0.643,0.725,0.733,0.041
18891,,,,,
 ,2018,0.831,0.849,0.863,0.026
 ,2017,0.831,0.863,0.871,0.042
 ,2016,0.741,0.757,0.765,0.025
 ,2015,0.818,0.843,0.851,0.027
4332,,,,,
 ,2018,0.769,0.8,0.808,0.032
 ,2017,0.776,0.788,0.792,0.025
 ,2016,0.78,0.8,0.804,0.022
 ,2015,0.796,0.804,0.812,0.018
18892,,,,,
 ,2018,0.788,0.8,0.808,0.028
 ,2017,0.808,0.82,0.831,0.031
 ,2016,0.796,0.812,0.816,0.031
 ,2015,0.753,0.796,0.808,0.044
18893,,,,,
 ,2016,0.675,0.718,0.761,0.058
 ,2015,0.678,0.678,0.678,0
2034,,,,,
 ,2018,0.78,0.792,0.8,0.031
 ,2017,0.757,0.769,0.784,0.023
 ,2016,0.753,0.765,0.784,0.032
 ,2015,0.753,0.765,0.776,0.026
2033,,,,,
 ,2018,0.776,0.792,0.8,0.033
 ,2017,0.757,0.765,0.784,0.031
 ,2016,0.722,0.751,0.757,0.034
 ,2015,0.753,0.761,0.776,0.026
2030,,,,,
 ,2018,0.725,0.749,0.753,0.03
 ,2017,0.749,0.757,0.765,0.014
 ,2016,0.718,0.753,0.757,0.036
 ,2015,0.741,0.755,0.761,0.048
1976,,,,,
 ,2018,0.739,0.761,0.769,0.042
 ,2017,0.734,0.769,0.773,0.039
 ,2016,0.725,0.763,0.773,0.044
 ,2015,0.753,0.773,0.776,0.022
1974,,,,,
 ,2018,0.741,0.753,0.757,0.024
 ,2017,0.737,0.745,0.757,0.034
 ,2016,0.722,0.729,0.737,0.013
 ,2015,0.729,0.737,0.741,0.029
1973,,,,,
 ,2018,0.733,0.741,0.753,0.031
 ,2017,0.743,0.745,0.753,0.028
 ,2016,0.716,0.722,0.724,0.021
 ,2015,0.655,0.729,0.741,0.052
2028,,,,,
 ,2018,0.749,0.761,0.769,0.036
 ,2017,0.749,0.776,0.78,0.044
 ,2016,0.733,0.771,0.773,0.021
 ,2015,0.694,0.773,0.776,0.044
1972,,,,,
 ,2018,0.733,0.741,0.753,0.031
 ,2017,0.743,0.745,0.753,0.028
 ,2016,0.716,0.722,0.724,0.021
 ,2015,0.655,0.729,0.741,0.052
2027,,,,,
 ,2018,0.753,0.761,0.769,0.033
 ,2017,0.741,0.757,0.769,0.039
 ,2016,0.714,0.747,0.765,0.046
 ,2015,0.702,0.753,0.761,0.05
2025,,,,,
 ,2018,0.769,0.788,0.804,0.036
 ,2017,0.718,0.753,0.776,0.049
 ,2016,0.769,0.788,0.804,0.035
 ,2015,0.769,0.784,0.804,0.031
13884,,,,,
 ,2018,0.798,0.814,0.824,0.023
 ,2017,0.792,0.808,0.82,0.024
 ,2016,0.812,0.82,0.827,0.045
 ,2015,0.816,0.824,0.831,0.021
18539,,,,,
 ,2018,0.741,0.757,0.761,0.027
 ,2015,0.749,0.761,0.765,0.052
4325,,,,,
 ,2018,0.839,0.855,0.863,0.028
 ,2017,0.761,0.81,0.831,0.036
 ,2016,0.812,0.835,0.843,0.028
 ,2015,0.8,0.855,0.863,0.05
13883,,,,,
 ,2018,0.78,0.81,0.824,0.026
 ,2017,0.747,0.804,0.81,0.039
4327,,,,,
 ,2018,0.784,0.812,0.818,0.026
 ,2017,0.782,0.806,0.812,0.018
 ,2016,0.792,0.818,0.824,0.017
 ,2015,0.82,0.827,0.831,0.02
18535,,,,,
 ,2018,0.769,0.792,0.8,0.023
 ,2017,0.765,0.784,0.796,0.026
 ,2016,0.796,0.82,0.827,0.045
 ,2015,0.786,0.831,0.839,0.048
18656,,,,,
 ,2018,0.831,0.837,0.839,0.006
 ,2017,0.802,0.824,0.831,0.037
 ,2016,0.827,0.831,0.839,0.011
 ,2015,0.784,0.798,0.81,0.015
18415,,,,,
 ,2018,0.8,0.82,0.831,0.025
 ,2017,0.796,0.831,0.855,0.038
 ,2016,0.831,0.843,0.855,0.049
 ,2015,0.835,0.847,0.863,0.029
18536,,,,,
 ,2018,0.792,0.8,0.816,0.028
 ,2017,0.784,0.788,0.808,0.034
 ,2016,0.796,0.8,0.816,0.037
 ,2015,0.8,0.804,0.82,0.036
18658,,,,,
 ,2018,0.792,0.812,0.827,0.027
 ,2017,0.778,0.82,0.824,0.04
 ,2016,0.784,0.827,0.831,0.036
 ,2015,0.745,0.784,0.792,0.033
1977,,,,,
 ,2018,0.737,0.757,0.773,0.034
 ,2017,0.753,0.761,0.78,0.027
 ,2016,0.741,0.753,0.761,0.037
 ,2015,0.725,0.753,0.769,0.038
13887,,,,,
 ,2018,0.831,0.839,0.847,0.025
 ,2017,0.816,0.827,0.835,0.028
 ,2016,0.824,0.831,0.839,0.028
 ,2015,0.827,0.835,0.847,0.025
18417,,,,,
 ,2018,0.808,0.816,0.82,0.022
 ,2017,0.757,0.757,0.757,0
 ,2016,0.812,0.816,0.824,0.016
 ,2015,0.816,0.82,0.827,0.019
18421,,,,,
 ,2018,0.761,0.784,0.8,0.031
 ,2017,0.741,0.757,0.78,0.034
 ,2016,0.757,0.788,0.804,0.042
 ,2015,0.741,0.796,0.82,0.05
18542,,,,,
 ,2018,0.725,0.753,0.765,0.043
 ,2017,0.741,0.755,0.761,0.04
 ,2016,0.737,0.751,0.757,0.026
 ,2015,0.745,0.755,0.761,0.024
18664,,,,,
 ,2018,0.714,0.733,0.749,0.033
 ,2017,0.714,0.733,0.749,0.031
 ,2016,0.729,0.745,0.761,0.031
 ,2015,0.706,0.725,0.737,0.039
18423,,,,,
 ,2018,0.737,0.773,0.798,0.041
 ,2017,0.741,0.749,0.757,0.029
 ,2016,0.773,0.788,0.792,0.041
 ,2015,0.733,0.788,0.82,0.05
18544,,,,,
 ,2018,0.765,0.773,0.78,0.017
 ,2017,0.757,0.78,0.788,0.043
 ,2016,0.749,0.773,0.78,0.032
 ,2015,0.733,0.767,0.78,0.036
18424,,,,,
 ,2018,0.647,0.663,0.702,0.053
 ,2016,0.741,0.741,0.741,0
 ,2015,0.718,0.729,0.761,0.04
18660,,,,,
 ,2018,0.8,0.812,0.82,0.031
 ,2017,0.753,0.773,0.796,0.03
 ,2016,0.757,0.769,0.792,0.028
 ,2015,0.741,0.753,0.769,0.025
18661,,,,,
 ,2018,0.773,0.788,0.8,0.036
 ,2017,0.769,0.784,0.796,0.036
 ,2016,0.769,0.788,0.796,0.045
 ,2015,0.741,0.753,0.761,0.038
4102,,,,,
 ,2018,0.784,0.827,0.831,0.033
 ,2017,0.8,0.835,0.843,0.036
 ,2016,0.808,0.835,0.843,0.045
 ,2015,0.788,0.82,0.827,0.042
13890,,,,,
 ,2018,0.71,0.769,0.788,0.059
 ,2017,0.718,0.757,0.788,0.048
 ,2016,0.653,0.698,0.776,0.073
 ,2015,0.745,0.79,0.812,0.065
18420,,,,,
 ,2016,0.631,0.631,0.631,0
18662,,,,,
 ,2018,0.761,0.769,0.773,0.032
 ,2017,0.741,0.753,0.765,0.03
 ,2016,0.761,0.769,0.773,0.027
 ,2015,0.729,0.745,0.753,0.034
2044,,,,,
 ,2018,0.773,0.792,0.804,0.04
 ,2017,0.808,0.812,0.82,0.026
 ,2016,0.8,0.812,0.824,0.014
 ,2015,0.812,0.82,0.831,0.014
1986,,,,,
 ,2018,0.784,0.792,0.8,0.03
 ,2017,0.788,0.796,0.812,0.034
 ,2016,0.776,0.784,0.792,0.03
 ,2015,0.784,0.792,0.8,0.023
2038,,,,,
 ,2018,0.784,0.82,0.835,0.044
 ,2017,0.796,0.843,0.855,0.053
 ,2016,0.796,0.827,0.839,0.038
 ,2015,0.8,0.829,0.843,0.028
1982,,,,,
 ,2018,0.831,0.847,0.863,0.036
 ,2017,0.82,0.855,0.867,0.036
 ,2016,0.824,0.843,0.863,0.037
 ,2015,0.82,0.839,0.859,0.027
2037,,,,,
 ,2018,0.718,0.735,0.745,0.037
 ,2017,0.698,0.724,0.745,0.024
 ,2016,0.722,0.733,0.737,0.026
4334,,,,,
 ,2018,0.843,0.859,0.871,0.02
 ,2017,0.831,0.843,0.855,0.026
 ,2016,0.847,0.855,0.871,0.024
 ,2015,0.833,0.857,0.878,0.041
13896,,,,,
 ,2018,0.835,0.847,0.855,0.041
 ,2017,0.759,0.798,0.827,0.043
 ,2016,0.827,0.839,0.847,0.037
 ,2015,0.831,0.843,0.851,0.056
4336,,,,,
 ,2018,0.831,0.839,0.847,0.035
 ,2017,0.725,0.761,0.8,0.052
 ,2016,0.804,0.812,0.827,0.025
 ,2015,0.808,0.816,0.827,0.046
18425,,,,,
 ,2018,0.725,0.741,0.749,0.014
 ,2017,0.694,0.71,0.729,0.022
 ,2016,0.733,0.737,0.749,0.013
 ,2015,0.729,0.739,0.761,0.033
4339,,,,,
 ,2018,0.761,0.788,0.812,0.042
 ,2017,0.753,0.78,0.804,0.035
 ,2016,0.769,0.796,0.816,0.032
 ,2015,0.784,0.808,0.824,0.034
18426,,,,,
 ,2018,0.771,0.796,0.806,0.026
 ,2017,0.741,0.773,0.784,0.03
 ,2016,0.776,0.806,0.82,0.035
 ,2015,0.765,0.802,0.812,0.035
18548,,,,,
 ,2018,0.761,0.773,0.788,0.041
 ,2017,0.78,0.784,0.796,0.016
 ,2016,0.769,0.776,0.792,0.016
 ,2015,0.769,0.776,0.788,0.018
14397,,,,,
 ,2018,0.812,0.827,0.839,0.031
 ,2017,0.769,0.773,0.78,0.024
 ,2016,0.8,0.808,0.827,0.036
 ,2015,0.804,0.816,0.831,0.029
14395,,,,,
 ,2018,0.765,0.784,0.796,0.029
 ,2017,0.729,0.769,0.8,0.043
 ,2016,0.741,0.761,0.796,0.036
 ,2015,0.761,0.796,0.827,0.041
4355,,,,,
 ,2018,0.671,0.731,0.79,0.065
 ,2017,0.616,0.62,0.698,0.038
 ,2016,0.765,0.765,0.765,0
 ,2015,0.737,0.767,0.773,0.025
14396,,,,,
 ,2018,0.812,0.827,0.839,0.031
 ,2017,0.769,0.773,0.78,0.024
 ,2016,0.8,0.808,0.827,0.036
 ,2015,0.804,0.816,0.831,0.029
18871,,,,,
 ,2018,0.722,0.729,0.741,0.03
 ,2017,0.757,0.78,0.792,0.028
 ,2016,0.753,0.773,0.784,0.031
 ,2015,0.702,0.741,0.792,0.054
2052,,,,,
 ,2018,0.729,0.753,0.773,0.039
 ,2017,0.824,0.839,0.859,0.048
 ,2016,0.733,0.757,0.78,0.043
 ,2015,0.737,0.761,0.784,0.041
1998,,,,,
 ,2018,0.741,0.745,0.757,0.037
 ,2017,0.745,0.755,0.761,0.017
 ,2016,0.767,0.778,0.788,0.044
 ,2015,0.792,0.796,0.804,0.015
13869,,,,,
 ,2018,0.62,0.676,0.733,0.056
2049,,,,,
 ,2018,0.769,0.776,0.788,0.013
 ,2017,0.729,0.737,0.749,0.044
 ,2016,0.633,0.694,0.753,0.06
 ,2015,0.694,0.718,0.753,0.033
1992,,,,,
 ,2018,0.784,0.8,0.808,0.035
 ,2017,0.784,0.798,0.82,0.029
 ,2016,0.773,0.788,0.8,0.046
 ,2015,0.776,0.796,0.8,0.02
18519,,,,,
 ,2018,0.792,0.812,0.82,0.025
 ,2016,0.78,0.8,0.808,0.037
 ,2015,0.78,0.82,0.837,0.056
4106,,,,,
 ,2018,0.816,0.827,0.831,0.018
 ,2017,0.835,0.847,0.855,0.021
 ,2016,0.755,0.765,0.78,0.022
 ,2015,0.757,0.765,0.776,0.024
4348,,,,,
 ,2018,0.761,0.796,0.804,0.039
 ,2017,0.745,0.757,0.773,0.031
 ,2016,0.796,0.8,0.812,0.024
 ,2015,0.69,0.733,0.761,0.054
13866,,,,,
 ,2018,0.78,0.796,0.804,0.027
 ,2017,0.796,0.812,0.827,0.033
 ,2016,0.769,0.8,0.812,0.04
 ,2015,0.643,0.69,0.722,0.045
18634,,,,,
 ,2018,0.776,0.812,0.859,0.047
 ,2017,0.839,0.851,0.863,0.033
 ,2016,0.835,0.861,0.871,0.04
 ,2015,0.765,0.812,0.82,0.033
13867,,,,,
 ,2018,0.729,0.763,0.796,0.045
 ,2017,0.757,0.767,0.78,0.015
 ,2016,0.745,0.753,0.761,0.014
 ,2015,0.749,0.757,0.769,0.015
18877,,,,,
 ,2018,0.757,0.792,0.808,0.043
 ,2017,0.816,0.825,0.831,0.032
 ,2016,0.725,0.745,0.812,0.056
 ,2015,0.722,0.745,0.749,0.034
4109,,,,,
 ,2018,0.788,0.792,0.804,0.015
 ,2017,0.765,0.788,0.796,0.037
 ,2016,0.745,0.765,0.804,0.029
 ,2015,0.804,0.812,0.816,0.049
18636,,,,,
 ,2018,0.745,0.776,0.788,0.041
 ,2017,0.784,0.792,0.812,0.024
 ,2016,0.796,0.804,0.82,0.016
 ,2015,0.749,0.761,0.773,0.03
1999,,,,,
 ,2018,0.788,0.8,0.812,0.024
 ,2017,0.78,0.792,0.808,0.022
 ,2016,0.773,0.784,0.796,0.02
 ,2015,0.761,0.773,0.784,0.02
13865,,,,,
 ,2018,0.612,0.678,0.702,0.038
 ,2017,0.639,0.71,0.718,0.038
 ,2016,0.702,0.704,0.708,0.003
 ,2015,0.735,0.776,0.804,0.048
18641,,,,,
 ,2018,0.796,0.808,0.812,0.019
 ,2017,0.788,0.8,0.812,0.033
 ,2016,0.808,0.816,0.824,0.027
 ,2015,0.761,0.773,0.784,0.02
18400,,,,,
 ,2018,0.671,0.743,0.782,0.059
 ,2017,0.765,0.773,0.784,0.031
 ,2016,0.78,0.78,0.788,0.008
 ,2015,0.714,0.745,0.757,0.039
4361,,,,,
 ,2018,0.757,0.776,0.792,0.035
 ,2017,0.757,0.773,0.788,0.032
 ,2016,0.761,0.78,0.8,0.031
 ,2015,0.769,0.8,0.82,0.04
18885,,,,,
 ,2018,0.765,0.773,0.792,0.021
 ,2017,0.765,0.773,0.804,0.033
 ,2016,0.761,0.776,0.792,0.029
 ,2015,0.761,0.773,0.788,0.021
4121,,,,,
 ,2018,0.776,0.796,0.804,0.034
 ,2017,0.78,0.808,0.82,0.037
 ,2016,0.714,0.724,0.737,0.028
 ,2015,0.753,0.769,0.776,0.031
13870,,,,,
 ,2018,0.62,0.676,0.733,0.056
18880,,,,,
 ,2016,0.651,0.71,0.718,0.039
 ,2015,0.718,0.737,0.765,0.038
4123,,,,,
 ,2018,0.733,0.749,0.765,0.034
 ,2017,0.753,0.774,0.804,0.033
 ,2016,0.796,0.808,0.824,0.02
 ,2015,0.804,0.816,0.827,0.032
4003,,,,,
 ,2018,0.808,0.831,0.839,0.029
 ,2017,0.827,0.847,0.867,0.029
 ,2016,0.796,0.827,0.847,0.041
 ,2015,0.784,0.839,0.859,0.048
18640,,,,,
 ,2018,0.761,0.812,0.827,0.034
 ,2017,0.831,0.839,0.847,0.036
 ,2016,0.835,0.847,0.855,0.052
 ,2015,0.729,0.769,0.804,0.057
2066,,,,,
 ,2018,0.753,0.788,0.8,0.038
 ,2017,0.824,0.831,0.843,0.03
 ,2016,0.824,0.839,0.851,0.034
 ,2015,0.731,0.745,0.788,0.043
2065,,,,,
 ,2018,0.753,0.769,0.776,0.031
 ,2017,0.796,0.808,0.831,0.029
 ,2016,0.8,0.812,0.839,0.031
 ,2015,0.729,0.749,0.784,0.04
2064,,,,,
 ,2018,0.753,0.769,0.776,0.031
 ,2017,0.796,0.808,0.831,0.029
 ,2016,0.8,0.812,0.839,0.031
 ,2015,0.729,0.749,0.784,0.04
2063,,,,,
 ,2018,0.8,0.816,0.824,0.024
 ,2017,0.792,0.808,0.827,0.025
 ,2016,0.788,0.8,0.824,0.023
 ,2015,0.753,0.765,0.784,0.019
2062,,,,,
 ,2018,0.706,0.741,0.765,0.024
2059,,,,,
 ,2018,0.753,0.784,0.827,0.06
 ,2017,0.784,0.839,0.855,0.06
 ,2016,0.788,0.843,0.863,0.055
 ,2015,0.757,0.808,0.824,0.039
4114,,,,,
 ,2018,0.773,0.816,0.851,0.048
 ,2017,0.816,0.843,0.855,0.042
 ,2016,0.745,0.784,0.808,0.051
 ,2015,0.773,0.839,0.859,0.054
4356,,,,,
 ,2018,0.686,0.706,0.718,0.023
 ,2017,0.753,0.773,0.8,0.048
18408,,,,,
 ,2018,0.774,0.8,0.804,0.048
 ,2017,0.808,0.824,0.827,0.024
 ,2016,0.627,0.757,0.788,0.075
 ,2015,0.808,0.827,0.847,0.03
4359,,,,,
 ,2018,0.675,0.71,0.737,0.045
 ,2015,0.678,0.706,0.722,0.033
18403,,,,,
 ,2018,0.788,0.792,0.804,0.022
 ,2017,0.808,0.816,0.824,0.028
 ,2016,0.802,0.812,0.824,0.028
 ,2015,0.812,0.82,0.827,0.017
18887,,,,,
 ,2018,0.729,0.753,0.765,0.049
 ,2017,0.835,0.843,0.847,0.045
 ,2016,0.745,0.831,0.847,0.052
 ,2015,0.698,0.714,0.733,0.026
4119,,,,,
 ,2018,0.788,0.8,0.812,0.033
 ,2017,0.8,0.812,0.824,0.03
 ,2016,0.804,0.812,0.824,0.023
 ,2015,0.808,0.816,0.827,0.025
18888,,,,,
 ,2018,0.792,0.804,0.816,0.035
 ,2017,0.812,0.831,0.839,0.026
 ,2016,0.804,0.812,0.82,0.022
 ,2015,0.796,0.808,0.82,0.028
18647,,,,,
 ,2018,0.827,0.839,0.847,0.031
 ,2017,0.788,0.796,0.812,0.026
 ,2016,0.796,0.804,0.824,0.025
 ,2015,0.753,0.761,0.784,0.035
18889,,,,,
 ,2018,0.792,0.804,0.816,0.023
 ,2017,0.816,0.824,0.831,0.019
 ,2016,0.804,0.812,0.82,0.029
 ,2015,0.729,0.751,0.769,0.049
18406,,,,,
 ,2018,0.745,0.757,0.765,0.019
 ,2017,0.761,0.773,0.78,0.015
 ,2016,0.753,0.765,0.776,0.023
 ,2015,0.761,0.792,0.808,0.042
18648,,,,,
 ,2018,0.761,0.788,0.808,0.038
 ,2017,0.773,0.792,0.804,0.034
 ,2016,0.773,0.792,0.808,0.034
 ,2015,0.761,0.796,0.812,0.034
4370,,,,,
 ,2018,0.741,0.769,0.796,0.044
 ,2017,0.737,0.765,0.792,0.043
 ,2016,0.737,0.757,0.784,0.034
 ,2015,0.769,0.796,0.808,0.031
14250,,,,,
 ,2018,0.745,0.769,0.796,0.033
 ,2017,0.714,0.733,0.765,0.037
 ,2016,0.741,0.776,0.8,0.04
 ,2015,0.792,0.804,0.82,0.02
14492,,,,,
 ,2018,0.816,0.82,0.827,0.014
 ,2017,0.8,0.808,0.812,0.014
 ,2016,0.78,0.8,0.812,0.033
 ,2015,0.8,0.816,0.824,0.027
14493,,,,,
 ,2018,0.816,0.82,0.827,0.014
 ,2017,0.8,0.808,0.812,0.014
 ,2016,0.798,0.808,0.812,0.017
 ,2015,0.8,0.816,0.824,0.027
4130,,,,,
 ,2018,0.796,0.804,0.816,0.026
 ,2017,0.808,0.816,0.827,0.021
 ,2016,0.796,0.804,0.82,0.017
 ,2015,0.804,0.812,0.827,0.022
4011,,,,,
 ,2018,0.761,0.8,0.824,0.05
 ,2017,0.761,0.792,0.824,0.049
 ,2016,0.788,0.835,0.855,0.049
 ,2015,0.765,0.812,0.827,0.043
4132,,,,,
 ,2018,0.835,0.843,0.859,0.028
 ,2017,0.816,0.847,0.867,0.047
 ,2016,0.718,0.737,0.839,0.072
 ,2015,0.784,0.835,0.847,0.048
2075,,,,,
 ,2018,0.761,0.765,0.773,0.03
 ,2017,0.788,0.796,0.812,0.029
 ,2016,0.792,0.8,0.804,0.018
 ,2015,0.765,0.769,0.776,0.015
2072,,,,,
 ,2018,0.796,0.824,0.839,0.041
 ,2017,0.831,0.847,0.857,0.025
 ,2016,0.851,0.867,0.875,0.071
 ,2015,0.792,0.818,0.827,0.033
4809,,,,,
 ,2018,0.824,0.831,0.835,0.03
 ,2017,0.765,0.796,0.816,0.041
 ,2016,0.776,0.8,0.804,0.041
 ,2015,0.769,0.8,0.812,0.035
2068,,,,,
 ,2018,0.769,0.792,0.8,0.035
 ,2017,0.804,0.804,0.808,0.02
 ,2016,0.808,0.812,0.818,0.016
 ,2015,0.729,0.78,0.78,0.043
18616,,,,,
 ,2018,0.741,0.78,0.788,0.039
 ,2017,0.8,0.808,0.816,0.042
 ,2016,0.733,0.761,0.8,0.046
 ,2015,0.749,0.763,0.776,0.03
18617,,,,,
 ,2018,0.737,0.776,0.784,0.038
 ,2017,0.8,0.808,0.816,0.033
 ,2016,0.729,0.802,0.824,0.061
 ,2015,0.749,0.763,0.776,0.03
4007,,,,,
 ,2018,0.784,0.816,0.835,0.048
 ,2017,0.745,0.796,0.812,0.055
 ,2016,0.773,0.82,0.851,0.054
 ,2015,0.671,0.706,0.727,0.052
4128,,,,,
 ,2018,0.769,0.784,0.8,0.027
 ,2017,0.78,0.796,0.816,0.025
 ,2016,0.765,0.784,0.8,0.032
 ,2015,0.773,0.788,0.8,0.027
4800,,,,,
 ,2018,0.843,0.855,0.867,0.022
 ,2017,0.839,0.851,0.861,0.037
 ,2016,0.816,0.841,0.851,0.031
 ,2015,0.788,0.833,0.847,0.05
18613,,,,,
 ,2018,0.702,0.743,0.786,0.059
 ,2017,0.682,0.722,0.761,0.039
 ,2016,0.729,0.757,0.773,0.04
 ,2015,0.655,0.689,0.722,0.033
18614,,,,,
 ,2018,0.68,0.72,0.747,0.057
 ,2017,0.702,0.738,0.773,0.036
 ,2016,0.733,0.769,0.773,0.047
 ,2015,0.735,0.757,0.78,0.035
4803,,,,,
 ,2018,0.773,0.796,0.804,0.036
 ,2017,0.792,0.8,0.808,0.021
 ,2016,0.788,0.792,0.8,0.018
 ,2015,0.774,0.794,0.806,0.044
14261,,,,,
 ,2018,0.808,0.827,0.847,0.037
 ,2017,0.741,0.773,0.784,0.033
 ,2016,0.706,0.753,0.784,0.047
 ,2015,0.769,0.776,0.816,0.044
2080,,,,,
 ,2018,0.714,0.733,0.741,0.031
 ,2017,0.749,0.769,0.776,0.015
 ,2016,0.788,0.792,0.8,0.01
 ,2015,0.751,0.765,0.776,0.028
4140,,,,,
 ,2018,0.698,0.737,0.749,0.046
 ,2017,0.69,0.753,0.759,0.054
 ,2015,0.757,0.765,0.8,0.054
4020,,,,,
 ,2018,0.8,0.804,0.812,0.024
 ,2017,0.773,0.788,0.804,0.028
 ,2016,0.757,0.773,0.792,0.029
 ,2015,0.741,0.757,0.78,0.026
4383,,,,,
 ,2018,0.769,0.796,0.812,0.032
 ,2017,0.737,0.761,0.788,0.037
 ,2016,0.749,0.776,0.8,0.033
 ,2015,0.792,0.808,0.82,0.029
18500,,,,,
 ,2018,0.765,0.788,0.8,0.031
 ,2015,0.682,0.704,0.733,0.036
4142,,,,,
 ,2018,0.702,0.737,0.749,0.043
 ,2015,0.686,0.722,0.757,0.044
14260,,,,,
 ,2018,0.808,0.824,0.835,0.034
 ,2017,0.745,0.761,0.773,0.025
 ,2016,0.774,0.792,0.8,0.035
 ,2015,0.776,0.796,0.812,0.03
18501,,,,,
 ,2018,0.851,0.859,0.867,0.056
 ,2017,0.839,0.851,0.855,0.055
 ,2016,0.847,0.861,0.867,0.047
 ,2015,0.776,0.788,0.792,0.035
18622,,,,,
 ,2018,0.757,0.765,0.773,0.034
 ,2017,0.769,0.776,0.78,0.019
 ,2016,0.769,0.788,0.796,0.035
 ,2015,0.725,0.769,0.827,0.073
4146,,,,,
 ,2018,0.722,0.749,0.769,0.048
 ,2016,0.722,0.733,0.741,0.048
4388,,,,,
 ,2018,0.741,0.773,0.778,0.033
 ,2017,0.776,0.79,0.804,0.028
 ,2016,0.772,0.8,0.806,0.024
 ,2015,0.743,0.761,0.782,0.03
2087,,,,,
 ,2018,0.635,0.722,0.737,0.045
 ,2017,0.798,0.831,0.843,0.034
 ,2016,0.81,0.835,0.847,0.024
 ,2015,0.765,0.8,0.808,0.042
2086,,,,,
 ,2018,0.633,0.682,0.724,0.063
2084,,,,,
 ,2018,0.639,0.737,0.78,0.074
 ,2017,0.737,0.737,0.737,0
 ,2016,0.729,0.751,0.769,0.039
2083,,,,,
 ,2018,0.749,0.773,0.796,0.042
 ,2017,0.765,0.8,0.82,0.045
 ,2016,0.8,0.827,0.835,0.04
 ,2015,0.78,0.792,0.804,0.019
2082,,,,,
 ,2018,0.749,0.773,0.796,0.042
 ,2017,0.765,0.8,0.82,0.045
 ,2016,0.8,0.827,0.835,0.04
 ,2015,0.78,0.792,0.804,0.019
4816,,,,,
 ,2018,0.784,0.796,0.804,0.028
 ,2017,0.8,0.808,0.816,0.029
 ,2016,0.796,0.804,0.812,0.046
 ,2015,0.796,0.806,0.816,0.027
4136,,,,,
 ,2018,0.722,0.741,0.749,0.027
 ,2017,0.743,0.763,0.776,0.031
 ,2016,0.745,0.767,0.78,0.023
 ,2015,0.714,0.729,0.761,0.036
18506,,,,,
 ,2018,0.788,0.808,0.847,0.037
 ,2017,0.804,0.831,0.843,0.033
 ,2016,0.822,0.843,0.855,0.049
 ,2015,0.814,0.847,0.859,0.041
18627,,,,,
 ,2018,0.749,0.776,0.816,0.051
 ,2017,0.761,0.8,0.839,0.051
 ,2016,0.769,0.804,0.847,0.051
 ,2015,0.733,0.753,0.78,0.042
18869,,,,,
 ,2018,0.761,0.771,0.784,0.041
 ,2017,0.769,0.78,0.792,0.035
 ,2016,0.753,0.78,0.788,0.021
 ,2015,0.757,0.765,0.776,0.035
4137,,,,,
 ,2018,0.737,0.784,0.808,0.06
 ,2017,0.745,0.784,0.796,0.043
 ,2016,0.729,0.776,0.8,0.055
 ,2015,0.749,0.808,0.82,0.039
4139,,,,,
 ,2018,0.722,0.737,0.749,0.037
 ,2017,0.659,0.706,0.714,0.039
 ,2016,0.71,0.733,0.745,0.04
 ,2015,0.733,0.741,0.749,0.026
13855,,,,,
 ,2018,0.763,0.8,0.822,0.052
 ,2017,0.792,0.827,0.839,0.047
 ,2016,0.737,0.792,0.82,0.049
 ,2015,0.808,0.827,0.835,0.033
4812,,,,,
 ,2018,0.678,0.761,0.804,0.065
 ,2017,0.796,0.804,0.812,0.023
 ,2016,0.757,0.8,0.804,0.042
 ,2015,0.802,0.808,0.812,0.008
13977,,,,,
 ,2018,0.68,0.729,0.739,0.038
 ,2017,0.729,0.769,0.8,0.046
 ,2016,0.651,0.724,0.741,0.047
 ,2015,0.71,0.733,0.753,0.041
3967,,,,,
 ,2018,0.694,0.716,0.729,0.037
 ,2017,0.722,0.745,0.753,0.036
 ,2016,0.722,0.737,0.749,0.026
 ,2015,0.773,0.792,0.804,0.023
4814,,,,,
 ,2018,0.761,0.78,0.788,0.022
 ,2017,0.757,0.786,0.804,0.033
 ,2016,0.745,0.769,0.792,0.035
 ,2015,0.769,0.784,0.796,0.032
18505,,,,,
 ,2018,0.788,0.808,0.847,0.037
 ,2017,0.804,0.831,0.843,0.033
 ,2016,0.822,0.843,0.855,0.049
 ,2015,0.814,0.847,0.859,0.041
18626,,,,,
 ,2018,0.812,0.824,0.835,0.032
 ,2017,0.792,0.804,0.816,0.029
 ,2016,0.8,0.824,0.831,0.033
 ,2015,0.729,0.784,0.796,0.043
18868,,,,,
 ,2018,0.8,0.808,0.812,0.019
 ,2017,0.808,0.82,0.835,0.025
 ,2016,0.804,0.812,0.816,0.028
 ,2015,0.753,0.8,0.812,0.035
4030,,,,,
 ,2018,0.765,0.784,0.8,0.033
 ,2017,0.827,0.839,0.851,0.028
 ,2016,0.757,0.798,0.816,0.035
 ,2015,0.792,0.827,0.847,0.042
4033,,,,,
 ,2018,0.667,0.71,0.745,0.043
 ,2017,0.765,0.784,0.792,0.019
 ,2016,0.747,0.778,0.796,0.052
 ,2015,0.798,0.816,0.827,0.021
4154,,,,,
 ,2018,0.712,0.743,0.79,0.055
 ,2017,0.769,0.78,0.792,0.025
 ,2016,0.792,0.8,0.812,0.026
 ,2015,0.776,0.784,0.788,0.007
4396,,,,,
 ,2018,0.643,0.706,0.737,0.046
 ,2017,0.718,0.749,0.757,0.032
18395,,,,,
 ,2018,0.729,0.745,0.753,0.028
 ,2017,0.769,0.784,0.792,0.019
 ,2016,0.78,0.792,0.808,0.037
 ,2015,0.753,0.8,0.835,0.057
14475,,,,,
 ,2018,0.808,0.816,0.824,0.021
 ,2017,0.804,0.812,0.824,0.024
 ,2016,0.8,0.808,0.816,0.014
 ,2015,0.733,0.792,0.812,0.055
3980,,,,,
 ,2018,0.796,0.804,0.816,0.03
 ,2017,0.745,0.757,0.769,0.021
 ,2016,0.753,0.765,0.78,0.023
 ,2015,0.749,0.757,0.769,0.019
4035,,,,,
 ,2018,0.769,0.816,0.831,0.042
 ,2016,0.755,0.804,0.831,0.045
 ,2015,0.761,0.816,0.831,0.04
4157,,,,,
 ,2018,0.675,0.722,0.733,0.046
 ,2015,0.733,0.741,0.757,0.038
18391,,,,,
 ,2018,0.716,0.747,0.769,0.034
2098,,,,,
 ,2018,0.737,0.773,0.8,0.049
 ,2017,0.78,0.824,0.851,0.049
 ,2016,0.773,0.839,0.875,0.056
 ,2015,0.749,0.792,0.82,0.051
2095,,,,,
 ,2018,0.755,0.771,0.776,0.02
 ,2017,0.78,0.788,0.798,0.014
 ,2016,0.765,0.8,0.804,0.025
 ,2015,0.749,0.78,0.784,0.026
4390,,,,,
 ,2017,0.824,0.847,0.863,0.029
 ,2016,0.835,0.859,0.871,0.033
 ,2015,0.8,0.818,0.824,0.053
18390,,,,,
 ,2017,0.759,0.776,0.786,0.014
 ,2016,0.788,0.796,0.804,0.024
 ,2015,0.745,0.782,0.792,0.041
3971,,,,,
 ,2018,0.753,0.773,0.782,0.03
 ,2017,0.753,0.773,0.78,0.03
 ,2016,0.753,0.771,0.78,0.026
 ,2015,0.745,0.765,0.776,0.04
4026,,,,,
 ,2018,0.784,0.796,0.831,0.043
 ,2017,0.757,0.792,0.859,0.057
 ,2016,0.796,0.851,0.859,0.038
 ,2015,0.737,0.753,0.796,0.041
4389,,,,,
 ,2018,0.741,0.757,0.8,0.043
 ,2017,0.729,0.749,0.757,0.032
 ,2016,0.741,0.767,0.776,0.036
 ,2015,0.729,0.745,0.767,0.043
3972,,,,,
 ,2018,0.753,0.769,0.78,0.04
 ,2017,0.757,0.78,0.786,0.038
 ,2016,0.776,0.786,0.8,0.037
 ,2015,0.788,0.796,0.81,0.034
3973,,,,,
 ,2018,0.769,0.773,0.792,0.027
 ,2017,0.765,0.769,0.784,0.022
 ,2016,0.773,0.776,0.788,0.032
 ,2015,0.773,0.78,0.792,0.021
4028,,,,,
 ,2018,0.749,0.773,0.788,0.05
 ,2017,0.784,0.796,0.808,0.039
 ,2016,0.784,0.792,0.796,0.026
 ,2015,0.737,0.745,0.749,0.018
4149,,,,,
 ,2018,0.643,0.698,0.745,0.057
 ,2017,0.729,0.745,0.761,0.03
 ,2016,0.745,0.761,0.773,0.025
4029,,,,,
 ,2018,0.765,0.796,0.808,0.045
 ,2016,0.757,0.78,0.804,0.031
 ,2015,0.745,0.794,0.82,0.055
3975,,,,,
 ,2018,0.761,0.792,0.802,0.049
 ,2017,0.776,0.8,0.804,0.036
 ,2016,0.784,0.812,0.82,0.038
 ,2015,0.788,0.808,0.816,0.046
3976,,,,,
 ,2018,0.755,0.769,0.78,0.027
 ,2017,0.757,0.765,0.773,0.018
 ,2016,0.765,0.776,0.784,0.018
 ,2015,0.765,0.773,0.784,0.016
14238,,,,,
 ,2018,0.782,0.827,0.835,0.032
 ,2017,0.776,0.788,0.804,0.019
 ,2016,0.831,0.835,0.843,0.053
 ,2015,0.774,0.8,0.808,0.024
14481,,,,,
 ,2018,0.847,0.859,0.863,0.03
 ,2017,0.839,0.855,0.863,0.05
 ,2016,0.835,0.845,0.851,0.024
 ,2015,0.808,0.847,0.855,0.037
4042,,,,,
 ,2018,0.773,0.8,0.82,0.043
 ,2016,0.776,0.796,0.812,0.037
 ,2015,0.82,0.851,0.859,0.035
4043,,,,,
 ,2018,0.778,0.8,0.814,0.033
 ,2016,0.788,0.827,0.839,0.038
 ,2015,0.796,0.831,0.851,0.043
14480,,,,,
 ,2018,0.847,0.859,0.863,0.03
 ,2017,0.839,0.855,0.863,0.05
 ,2016,0.835,0.845,0.851,0.024
 ,2015,0.808,0.847,0.855,0.037
14485,,,,,
 ,2018,0.776,0.82,0.859,0.061
 ,2017,0.8,0.835,0.859,0.065
 ,2016,0.816,0.839,0.847,0.031
 ,2015,0.804,0.827,0.843,0.029
3990,,,,,
 ,2018,0.765,0.784,0.796,0.03
 ,2017,0.765,0.8,0.812,0.039
 ,2016,0.769,0.792,0.796,0.024
14486,,,,,
 ,2018,0.761,0.769,0.776,0.023
 ,2017,0.784,0.788,0.792,0.012
 ,2016,0.765,0.773,0.78,0.017
 ,2015,0.769,0.776,0.788,0.021
4046,,,,,
 ,2018,0.796,0.827,0.835,0.036
 ,2016,0.816,0.847,0.855,0.035
 ,2015,0.827,0.855,0.867,0.046
14483,,,,,
 ,2018,0.761,0.782,0.796,0.028
 ,2017,0.78,0.796,0.804,0.02
 ,2016,0.78,0.816,0.827,0.038
 ,2015,0.761,0.78,0.814,0.039
14242,,,,,
 ,2018,0.835,0.845,0.855,0.041
 ,2017,0.765,0.808,0.82,0.048
 ,2016,0.812,0.837,0.855,0.035
 ,2015,0.725,0.749,0.804,0.05
18609,,,,,
 ,2018,0.69,0.733,0.753,0.055
 ,2017,0.616,0.69,0.694,0.036
 ,2016,0.667,0.706,0.753,0.056
4037,,,,,
 ,2018,0.778,0.814,0.825,0.051
 ,2016,0.8,0.833,0.843,0.036
 ,2015,0.804,0.835,0.843,0.037
14248,,,,,
 ,2018,0.737,0.757,0.769,0.037
 ,2016,0.725,0.808,0.839,0.067
 ,2015,0.764,0.816,0.818,0.035
4039,,,,,
 ,2018,0.761,0.773,0.788,0.031
 ,2016,0.792,0.808,0.82,0.032
 ,2015,0.824,0.855,0.863,0.067
14487,,,,,
 ,2018,0.796,0.808,0.816,0.023
 ,2017,0.784,0.796,0.808,0.022
 ,2016,0.788,0.796,0.804,0.024
 ,2015,0.78,0.788,0.796,0.02
18607,,,,,
 ,2018,0.733,0.745,0.761,0.031
 ,2017,0.757,0.761,0.769,0.016
 ,2016,0.706,0.737,0.784,0.064
 ,2015,0.741,0.749,0.761,0.014
3985,,,,,
 ,2018,0.725,0.751,0.808,0.052
 ,2017,0.724,0.814,0.841,0.07
 ,2016,0.755,0.823,0.835,0.044
 ,2015,0.784,0.808,0.824,0.039
14488,,,,,
 ,2018,0.808,0.82,0.831,0.023
 ,2017,0.796,0.808,0.82,0.022
 ,2016,0.792,0.8,0.808,0.022
 ,2015,0.796,0.804,0.816,0.031
3986,,,,,
 ,2018,0.745,0.753,0.765,0.015
 ,2017,0.749,0.757,0.765,0.021
 ,2016,0.741,0.753,0.757,0.015
 ,2015,0.741,0.745,0.753,0.019
3987,,,,,
 ,2018,0.761,0.78,0.788,0.036
 ,2017,0.78,0.796,0.804,0.032
 ,2016,0.747,0.769,0.776,0.02
 ,2015,0.8,0.804,0.812,0.022
18602,,,,,
 ,2018,0.776,0.788,0.8,0.026
 ,2017,0.78,0.792,0.796,0.025
 ,2016,0.792,0.804,0.812,0.024
 ,2015,0.761,0.769,0.776,0.024
18604,,,,,
 ,2018,0.745,0.749,0.757,0.031
 ,2017,0.761,0.773,0.78,0.016
 ,2016,0.773,0.78,0.792,0.025
 ,2015,0.737,0.745,0.761,0.034